Workbook

Sheet Satis_Verileri
A1: SATIŞ VERİ TABANI — PivotTable Hazırlık
A2: Tarih | B2: Bölge | C2: Ürün | D2: Satışçı | E2: Miktar | F2: Birim Fiyat | G2: Toplam
A3: 01.01.2025 | B3: Ankara | C3: Kalem | D3: Ahmet K. | E3: 101 | F3: 5.5 | G3: =E3*F3
A4: 08.01.2025 | B4: Ankara | C4: Defter | D4: Selin A. | E4: 114 | F4: 12 | G4: =E4*F4
A5: 24.01.2025 | B5: Ankara | C5: Silgi | D5: Ahmet K. | E5: 48 | F5: 3 | G5: =E5*F5
A6: 19.01.2025 | B6: Ankara | C6: Makas | D6: Ahmet K. | E6: 33 | F6: 15 | G6: =E6*F6
A7: 01.01.2025 | B7: Ankara | C7: Dosya | D7: Ahmet K. | E7: 74 | F7: 6.5 | G7: =E7*F7
A8: 08.01.2025 | B8: İstanbul | C8: Kalem | D8: Fatma Y. | E8: 31 | F8: 5.5 | G8: =E8*F8
A9: 18.01.2025 | B9: İstanbul | C9: Defter | D9: Fatma Y. | E9: 84 | F9: 12 | G9: =E9*F9
A10: 08.01.2025 | B10: İstanbul | C10: Silgi | D10: Ali D. | E10: 45 | F10: 3 | G10: =E10*F10
A11: 26.01.2025 | B11: İstanbul | C11: Makas | D11: Ali D. | E11: 77 | F11: 15 | G11: =E11*F11
A12: 23.01.2025 | B12: İstanbul | C12: Dosya | D12: Fatma Y. | E12: 20 | F12: 6.5 | G12: =E12*F12
A13: 09.01.2025 | B13: İzmir | C13: Kalem | D13: Zeynep T. | E13: 74 | F13: 5.5 | G13: =E13*F13
A14: 25.01.2025 | B14: İzmir | C14: Defter | D14: Mehmet C. | E14: 39 | F14: 12 | G14: =E14*F14
... A122: 03.06.2025 | B122: Bursa | C122: Dosya | D122: Can B. | E122: 78 | F122: 6.5 | G122: =E122*F122

Sheet Bolge_x_Urun_Ozet
A1: BÖLGE × ÜRÜN SATIŞ ÖZETİ (Manuel Pivot)
A2: Bölge | B2: Kalem | C2: Defter | D2: Silgi | E2: Makas | F2: Dosya | G2: TOPLAM
A3: Ankara | B3: =SUMPRODUCT((Satis_Verileri!B$3:B$122=A3)*(Satis_Verileri!C$3:C$122="Kalem")*Satis_Verileri!G$3:G$122) | C3: =SUMPRODUCT((Satis_Verileri!B$3:B$122=A3)*(Satis_Verileri!C$3:C$122="Defter")*Satis_Verileri!G$3:G$122) | D3: =SUMPRODUCT((Satis_Verileri!B$3:B$122=A3)*(Satis_Verileri!C$3:C$122="Silgi")*Satis_Verileri!G$3:G$122) | E3: =SUMPRODUCT((Satis_Verileri!B$3:B$122=A3)*(Satis_Verileri!C$3:C$122="Makas")*Satis_Verileri!G$3:G$122) | F3: =SUMPRODUCT((Satis_Verileri!B$3:B$122=A3)*(Satis_Verileri!C$3:C$122="Dosya")*Satis_Verileri!G$3:G$122) | G3: =SUM(B3:F3)
A4: İstanbul | B4: =SUMPRODUCT((Satis_Verileri!B$3:B$122=A4)*(Satis_Verileri!C$3:C$122="Kalem")*Satis_Verileri!G$3:G$122) | C4: =SUMPRODUCT((Satis_Verileri!B$3:B$122=A4)*(Satis_Verileri!C$3:C$122="Defter")*Satis_Verileri!G$3:G$122) | D4: =SUMPRODUCT((Satis_Verileri!B$3:B$122=A4)*(Satis_Verileri!C$3:C$122="Silgi")*Satis_Verileri!G$3:G$122) | E4: =SUMPRODUCT((Satis_Verileri!B$3:B$122=A4)*(Satis_Verileri!C$3:C$122="Makas")*Satis_Verileri!G$3:G$122) | F4: =SUMPRODUCT((Satis_Verileri!B$3:B$122=A4)*(Satis_Verileri!C$3:C$122="Dosya")*Satis_Verileri!G$3:G$122) | G4: =SUM(B4:F4)
A5: İzmir | B5: =SUMPRODUCT((Satis_Verileri!B$3:B$122=A5)*(Satis_Verileri!C$3:C$122="Kalem")*Satis_Verileri!G$3:G$122) | C5: =SUMPRODUCT((Satis_Verileri!B$3:B$122=A5)*(Satis_Verileri!C$3:C$122="Defter")*Satis_Verileri!G$3:G$122) | D5: =SUMPRODUCT((Satis_Verileri!B$3:B$122=A5)*(Satis_Verileri!C$3:C$122="Silgi")*Satis_Verileri!G$3:G$122) | E5: =SUMPRODUCT((Satis_Verileri!B$3:B$122=A5)*(Satis_Verileri!C$3:C$122="Makas")*Satis_Verileri!G$3:G$122) | F5: =SUMPRODUCT((Satis_Verileri!B$3:B$122=A5)*(Satis_Verileri!C$3:C$122="Dosya")*Satis_Verileri!G$3:G$122) | G5: =SUM(B5:F5)
A6: Bursa | B6: =SUMPRODUCT((Satis_Verileri!B$3:B$122=A6)*(Satis_Verileri!C$3:C$122="Kalem")*Satis_Verileri!G$3:G$122) | C6: =SUMPRODUCT((Satis_Verileri!B$3:B$122=A6)*(Satis_Verileri!C$3:C$122="Defter")*Satis_Verileri!G$3:G$122) | D6: =SUMPRODUCT((Satis_Verileri!B$3:B$122=A6)*(Satis_Verileri!C$3:C$122="Silgi")*Satis_Verileri!G$3:G$122) | E6: =SUMPRODUCT((Satis_Verileri!B$3:B$122=A6)*(Satis_Verileri!C$3:C$122="Makas")*Satis_Verileri!G$3:G$122) | F6: =SUMPRODUCT((Satis_Verileri!B$3:B$122=A6)*(Satis_Verileri!C$3:C$122="Dosya")*Satis_Verileri!G$3:G$122) | G6: =SUM(B6:F6)
A7: GENEL TOPLAM | B7: =SUM(B3:B6) | C7: =SUM(C3:C6) | D7: =SUM(D3:D6) | E7: =SUM(E3:E6) | F7: =SUM(F3:F6) | G7: =SUM(G3:G6)
