Workbook

Sheet Harcamalar
A1: AYLIK HARCAMA TAKİP TABLOSU — Ocak 2025
A2: Tarih | B2: Kategori | C2: Açıklama | D2: Tutar (TL) | E2: Bütçe Sınırı | F2: Durum
A3: 01.01.2025 | B3: Kırtasiye | C3: Tükenmez kalem (10 adet) | D3: 125.5 | E3: 100 | F3: =IF(D3>E3,"⚠ Aşıldı","✓ Normal")
A4: 03.01.2025 | B4: Gıda | C4: Okul kantini | D4: 45 | E4: 80 | F4: =IF(D4>E4,"⚠ Aşıldı","✓ Normal")
A5: 05.01.2025 | B5: Kırtasiye | C5: Spiralli defter (3 adet) | D5: 220 | E5: 100 | F5: =IF(D5>E5,"⚠ Aşıldı","✓ Normal")
A6: 07.01.2025 | B6: Ulaşım | C6: Otobüs kartı yükleme | D6: 80 | E6: 100 | F6: =IF(D6>E6,"⚠ Aşıldı","✓ Normal")
A7: 10.01.2025 | B7: Gıda | C7: Öğle yemeği | D7: 65 | E7: 80 | F7: =IF(D7>E7,"⚠ Aşıldı","✓ Normal")
A8: 12.01.2025 | B8: Kırtasiye | C8: Renkli kalemler seti | D8: 180 | E8: 100 | F8: =IF(D8>E8,"⚠ Aşıldı","✓ Normal")
A9: 15.01.2025 | B9: Eğlence | C9: Sinema bileti | D9: 120 | E9: 100 | F9: =IF(D9>E9,"⚠ Aşıldı","✓ Normal")
A10: 18.01.2025 | B10: Ulaşım | C10: Taksi | D10: 95 | E10: 100 | F10: =IF(D10>E10,"⚠ Aşıldı","✓ Normal")
A11: 20.01.2025 | B11: Gıda | C11: Meyve & sebze | D11: 55 | E11: 80 | F11: =IF(D11>E11,"⚠ Aşıldı","✓ Normal")
A12: 22.01.2025 | B12: Eğlence | C12: Kitap satın alma | D12: 85 | E12: 100 | F12: =IF(D12>E12,"⚠ Aşıldı","✓ Normal")
A13: 25.01.2025 | B13: Kırtasiye | C13: Dosya & klasör | D13: 60 | E13: 100 | F13: =IF(D13>E13,"⚠ Aşıldı","✓ Normal")
A14: 28.01.2025 | B14: Gıda | C14: Restoran | D14: 140 | E14: 80 | F14: =IF(D14>E14,"⚠ Aşıldı","✓ Normal")
... A16: 31.01.2025 | B16: Eğlence | C16: Konser bileti | D16: 200 | E16: 100 | F16: =IF(D16>E16,"⚠ Aşıldı","✓ Normal")

Sheet Ozet_Analiz
A1: KATEGORİ BAZLI HARCAMA ÖZETİ
A2: Kategori | B2: Harcama Sayısı | C2: Toplam (TL) | D2: Ort. Tutar (TL)
A3: Kırtasiye | B3: =COUNTIF(Harcamalar!B:B,A3) | C3: =SUMIF(Harcamalar!B:B,A3,Harcamalar!D:D) | D3: =AVERAGEIF(Harcamalar!B:B,A3,Harcamalar!D:D)
A4: Gıda | B4: =COUNTIF(Harcamalar!B:B,A4) | C4: =SUMIF(Harcamalar!B:B,A4,Harcamalar!D:D) | D4: =AVERAGEIF(Harcamalar!B:B,A4,Harcamalar!D:D)
A5: Ulaşım | B5: =COUNTIF(Harcamalar!B:B,A5) | C5: =SUMIF(Harcamalar!B:B,A5,Harcamalar!D:D) | D5: =AVERAGEIF(Harcamalar!B:B,A5,Harcamalar!D:D)
A6: Eğlence | B6: =COUNTIF(Harcamalar!B:B,A6) | C6: =SUMIF(Harcamalar!B:B,A6,Harcamalar!D:D) | D6: =AVERAGEIF(Harcamalar!B:B,A6,Harcamalar!D:D)
A7: GENEL TOPLAM | B7: =SUM(B3:B6) | C7: =SUM(C3:C6) | D7: =AVERAGE(D3:D6)
